what,kind,bundleId,bundleVersion,description,time
started,bundle,org.eclipse.jdt.apt.core,3.3.500.v20110420-1015,"org.eclipse.jdt.apt.core",1381803434923
started,bundle,org.eclipse.jdt.apt.pluggable.core,1.0.400.v20110305-1450,"org.eclipse.jdt.apt.pluggable.core",1381803434950
started,bundle,org.eclipse.wb.core.lib,1.3.0.r37x201202052311,"org.eclipse.wb.core.lib",1381803435619
started,bundle,org.eclipse.wb.core,1.3.0.r37x201202052311,"org.eclipse.wb.core",1381803435674
started,bundle,org.eclipse.cdt.debug.core,7.1.0.201202111925,"org.eclipse.cdt.debug.core",1381803448607
started,bundle,org.eclipse.cdt.debug.ui,7.1.2.201202111925,"org.eclipse.cdt.debug.ui",1381803448617
started,bundle,org.eclipse.wst.server.core,1.1.304.v20120208_1420,"org.eclipse.wst.server.core",1381803448671
started,bundle,org.eclipse.wst.server.ui,1.3.0.v20120210_1439,"org.eclipse.wst.server.ui",1381803448681
activated,view,org.eclipse.jdt.ui,3.7.2.v20120109-1427,"org.eclipse.jdt.ui.PackageExplorer",1381803462430
started,bundle,org.eclipse.wst.common.frameworks.ui,1.2.100.v201105122000,"org.eclipse.wst.common.frameworks.ui",1381803462683
started,bundle,org.eclipse.wst.common.core,1.2.0.v200908252030,"org.eclipse.wst.common.core",1381803462689
started,bundle,org.eclipse.jdt.junit.core,3.7.0.v20110928-1453,"org.eclipse.jdt.junit.core",1381803464653
started,bundle,com.android.ide.eclipse.ddms,22.0.5.v201307292155--757759,"com.android.ide.eclipse.ddms",1381803465567
executed,command,,,"com.android.ide.eclipse.adt.debug.launching.LaunchShortcut.run",1381803465598
started,bundle,org.eclipse.wst.common.frameworks,1.2.102.v201201190400,"org.eclipse.wst.common.frameworks",1381803465968
started,bundle,org.eclipse.emf.ecore,2.7.0.v20120127-1122,"org.eclipse.emf.ecore",1381803466015
started,bundle,org.eclipse.wst.common.emf,1.2.100.v201101101900,"org.eclipse.wst.common.emf",1381803466023
started,bundle,org.eclipse.jem.util,2.1.100.v201103021400,"org.eclipse.jem.util",1381803466041
started,bundle,org.eclipse.emf.ecore.xmi,2.7.0.v20120127-1122,"org.eclipse.emf.ecore.xmi",1381803466057
started,bundle,org.eclipse.wst.common.emfworkbench.integration,1.2.101.v201107140600,"org.eclipse.wst.common.emfworkbench.integration",1381803466058
started,bundle,org.eclipse.wst.common.modulecore,1.2.103.v201201190400,"org.eclipse.wst.common.modulecore",1381803466095
started,bundle,com.android.ide.eclipse.traceview,22.0.5.v201307292155--757759,"com.android.ide.eclipse.traceview",1381803468759
deactivated,workbench,org.eclipse.ui.workbench,3.7.1.v20120104-1859,"",1381803470661
activated,workbench,org.eclipse.ui.workbench,3.7.1.v20120104-1859,"",1381803492272
deactivated,workbench,org.eclipse.ui.workbench,3.7.1.v20120104-1859,"",1381803494534
activated,workbench,org.eclipse.ui.workbench,3.7.1.v20120104-1859,"",1381803500470
started,bundle,org.eclipse.jdt.junit,3.7.0.v20110928-1453,"org.eclipse.jdt.junit",1381803504404
started,bundle,org.eclipse.jdt.debug,3.7.1.v20111006_r372,"org.eclipse.jdt.debug",1381803504580
started,bundle,org.eclipse.jdt.debug.ui,3.6.1.v20111006_r372,"org.eclipse.jdt.debug.ui",1381803504645
started,bundle,com.android.ide.eclipse.ndk,22.0.5.v201307292155--757759,"com.android.ide.eclipse.ndk",1381803504652
deactivated,workbench,org.eclipse.ui.workbench,3.7.1.v20120104-1859,"",1381803505074
activated,workbench,org.eclipse.ui.workbench,3.7.1.v20120104-1859,"",1381803507268
executed,command,,,"com.android.ide.eclipse.adt.debug.launching.LaunchShortcut.run",1381803511181
deactivated,workbench,org.eclipse.ui.workbench,3.7.1.v20120104-1859,"",1381803511945
activated,workbench,org.eclipse.ui.workbench,3.7.1.v20120104-1859,"",1381803517741
opened,editor,com.android.ide.eclipse.adt,22.0.5.v201307292155--757759,"com.android.ide.eclipse.editors.CommonXmlEditor",1381803519070
activated,editor,com.android.ide.eclipse.adt,22.0.5.v201307292155--757759,"com.android.ide.eclipse.editors.CommonXmlEditor",1381803519133
opened,editor,com.android.ide.eclipse.adt,22.0.5.v201307292155--757759,"com.android.ide.eclipse.editors.CommonXmlEditor",1381803528182
activated,editor,com.android.ide.eclipse.adt,22.0.5.v201307292155--757759,"com.android.ide.eclipse.editors.CommonXmlEditor",1381803528242
deactivated,workbench,org.eclipse.ui.workbench,3.7.1.v20120104-1859,"",1381803536597
activated,workbench,org.eclipse.ui.workbench,3.7.1.v20120104-1859,"",1381803694869
deactivated,workbench,org.eclipse.ui.workbench,3.7.1.v20120104-1859,"",1381803700146
activated,workbench,org.eclipse.ui.workbench,3.7.1.v20120104-1859,"",1381803702875
closed,workbench,org.eclipse.ui.workbench,3.7.1.v20120104-1859,"",1381803702974
stopped,bundle,org.eclipse.m2e.logback.configuration,1.0.200.20111228-1245,"org.eclipse.m2e.logback.configuration",1381803703763
stopped,bundle,org.eclipse.m2e.discovery,1.0.200.20111228-1245,"org.eclipse.m2e.discovery",1381803703768
stopped,bundle,org.eclipse.m2e.refactoring,1.0.200.20111228-1245,"org.eclipse.m2e.refactoring",1381803703768
stopped,bundle,org.eclipse.m2e.editor,1.0.200.20111228-1245,"org.eclipse.m2e.editor",1381803703774
stopped,bundle,org.eclipse.m2e.editor.xml,1.0.200.20111228-1245,"org.eclipse.m2e.editor.xml",1381803703787
stopped,bundle,org.eclipse.m2e.jdt,1.0.200.20111228-1245,"org.eclipse.m2e.jdt",1381803703813
stopped,bundle,org.eclipse.m2e.launching,1.0.200.20111228-1245,"org.eclipse.m2e.launching",1381803703813
stopped,bundle,org.eclipse.m2e.usagedata,1.0.200.20111228-1245,"org.eclipse.m2e.usagedata",1381803703813
stopped,bundle,com.soyatec.eemf,3.7.1.20110624,"com.soyatec.eemf",1381803703835
stopped,bundle,com.soyatec.additional,3.7.1.20110624,"com.soyatec.additional",1381803703850
stopped,bundle,com.soyatec.core,3.7.1.20110624,"com.soyatec.core",1381803703862
stopped,bundle,org.eclipse.jst.j2ee.xdoclet.runtime,1.1.300.v201004280700,"org.eclipse.jst.j2ee.xdoclet.runtime",1381803703871
stopped,bundle,org.eclipse.jst.j2ee.ejb.annotations.xdoclet,1.2.200.v201103302125,"org.eclipse.jst.j2ee.ejb.annotations.xdoclet",1381803703888
stopped,bundle,com.android.ide.eclipse.ndk,22.0.5.v201307292155--757759,"com.android.ide.eclipse.ndk",1381803703888
stopped,bundle,overlay.com.android.ide.eclipse.adt.overlay,22.0.5.v201307292155--757759,"overlay.com.android.ide.eclipse.adt.overlay",1381803703902
stopped,bundle,com.android.ide.eclipse.adt,22.0.5.v201307292155--757759,"com.android.ide.eclipse.adt",1381803703902
stopped,bundle,org.eclipse.cdt,8.0.2.201202111925,"org.eclipse.cdt",1381803703907
stopped,bundle,org.eclipse.cdt.doc.user,5.1.1.201202111925,"org.eclipse.cdt.doc.user",1381803703955
stopped,bundle,org.eclipse.emf.cheatsheets,2.5.0.v20120130-0943,"org.eclipse.emf.cheatsheets",1381803703969
stopped,bundle,org.eclipse.pde.ua.ui,1.0.100.v20110516,"org.eclipse.pde.ua.ui",1381803703982
stopped,bundle,org.eclipse.pde.api.tools.ui,1.0.301.v20110803_r371,"org.eclipse.pde.api.tools.ui",1381803703996
activated,perspective,org.eclipse.jdt.ui,,"org.eclipse.jdt.ui.JavaPerspective",1381856849780
started,bundle,org.eclipse.osgi,3.7.2.v20120110-1415,"org.eclipse.osgi",1381856849782
started,bundle,org.eclipse.equinox.simpleconfigurator,1.0.200.v20110815-1438,"org.eclipse.equinox.simpleconfigurator",1381856849782
started,bundle,com.ibm.icu,4.4.2.v20110823,"com.ibm.icu",1381856849783
started,bundle,org.eclipse.compare.core,3.5.200.I20110208-0800,"org.eclipse.compare.core",1381856849783
started,bundle,org.eclipse.core.contenttype,3.4.100.v20110423-0524,"org.eclipse.core.contenttype",1381856849784
started,bundle,org.eclipse.core.databinding.observable,1.4.0.I20110222-0800,"org.eclipse.core.databinding.observable",1381856849824
started,bundle,org.eclipse.core.expressions,3.4.300.v20110228,"org.eclipse.core.expressions",1381856849825
started,bundle,org.eclipse.core.filebuffers,3.5.200.v20110928-1504,"org.eclipse.core.filebuffers",1381856849826
started,bundle,org.eclipse.core.filesystem,1.3.100.v20110423-0524,"org.eclipse.core.filesystem",1381856849828
started,bundle,org.eclipse.core.jobs,3.5.101.v20120113-1953,"org.eclipse.core.jobs",1381856849833
started,bundle,org.eclipse.core.net,1.2.100.I20110511-0800,"org.eclipse.core.net",1381856849834
started,bundle,org.eclipse.core.resources,3.7.101.v20120125-1505,"org.eclipse.core.resources",1381856849860
started,bundle,org.eclipse.core.runtime,3.7.0.v20110110,"org.eclipse.core.runtime",1381856849861
started,bundle,org.eclipse.core.runtime.compatibility,3.2.100.v20100505,"org.eclipse.core.runtime.compatibility",1381856849866
started,bundle,org.eclipse.core.runtime.compatibility.auth,3.2.200.v20110110,"org.eclipse.core.runtime.compatibility.auth",1381856849866
started,bundle,org.eclipse.debug.core,3.7.1.v20111129-2031,"org.eclipse.debug.core",1381856849933
started,bundle,org.eclipse.debug.ui,3.7.102.v20111129-1423_r372,"org.eclipse.debug.ui",1381856849981
started,bundle,org.eclipse.egit.core,1.3.0.201202151440-r,"org.eclipse.egit.core",1381856849989
started,bundle,org.eclipse.egit.ui,1.3.0.201202151440-r,"org.eclipse.egit.ui",1381856849990
started,bundle,org.eclipse.emf.common,2.7.0.v20120127-1122,"org.eclipse.emf.common",1381856849990
started,bundle,org.eclipse.epp.mpc.ui,1.1.1.I20110907-0947,"org.eclipse.epp.mpc.ui",1381856849996
started,bundle,org.eclipse.epp.usagedata.gathering,1.3.1.R201106061540,"org.eclipse.epp.usagedata.gathering",1381856849997
started,bundle,org.eclipse.epp.usagedata.recording,1.3.1.R201106061540,"org.eclipse.epp.usagedata.recording",1381856849997
started,bundle,org.eclipse.equinox.app,1.3.100.v20110321,"org.eclipse.equinox.app",1381856850000
started,bundle,org.eclipse.equinox.common,3.6.0.v20110523,"org.eclipse.equinox.common",1381856850000
started,bundle,org.eclipse.equinox.ds,1.3.1.R37x_v20110701,"org.eclipse.equinox.ds",1381856850001
started,bundle,org.eclipse.equinox.event,1.2.100.v20110502,"org.eclipse.equinox.event",1381856850004
started,bundle,org.eclipse.equinox.p2.core,2.1.1.v20120113-1346,"org.eclipse.equinox.p2.core",1381856850005
started,bundle,org.eclipse.equinox.p2.directorywatcher,1.0.300.v20110815-1419,"org.eclipse.equinox.p2.directorywatcher",1381856850005
started,bundle,org.eclipse.equinox.p2.engine,2.1.1.R37x_v20111003,"org.eclipse.equinox.p2.engine",1381856850006
started,bundle,org.eclipse.equinox.p2.metadata,2.1.0.v20110815-1419,"org.eclipse.equinox.p2.metadata",1381856850007
started,bundle,org.eclipse.equinox.p2.metadata.repository,1.2.0.v20110815-1419,"org.eclipse.equinox.p2.metadata.repository",1381856850007
started,bundle,org.eclipse.equinox.p2.operations,2.1.1.R37x_v20111111,"org.eclipse.equinox.p2.operations",1381856850007
started,bundle,org.eclipse.equinox.p2.reconciler.dropins,1.1.100.v20110815-1419,"org.eclipse.equinox.p2.reconciler.dropins",1381856850008
started,bundle,org.eclipse.equinox.p2.repository,2.1.1.v20120113-1346,"org.eclipse.equinox.p2.repository",1381856850008
started,bundle,org.eclipse.equinox.p2.ui.sdk.scheduler,1.0.100.v20110815-1419,"org.eclipse.equinox.p2.ui.sdk.scheduler",1381856850009
started,bundle,org.eclipse.equinox.p2.updatechecker,1.1.200.v20110815-1419,"org.eclipse.equinox.p2.updatechecker",1381856850009
started,bundle,org.eclipse.equinox.preferences,3.4.2.v20120111-2020,"org.eclipse.equinox.preferences",1381856850010
started,bundle,org.eclipse.equinox.registry,3.5.101.R37x_v20110810-1611,"org.eclipse.equinox.registry",1381856850010
started,bundle,org.eclipse.equinox.security,1.1.1.R37x_v20110822-1018,"org.eclipse.equinox.security",1381856850011
started,bundle,org.eclipse.equinox.util,1.0.300.v20110502,"org.eclipse.equinox.util",1381856850019
started,bundle,org.eclipse.help,3.5.100.v20110426,"org.eclipse.help",1381856850045
started,bundle,org.eclipse.jdt.core,3.7.3.v20120119-1537,"org.eclipse.jdt.core",1381856850046
started,bundle,org.eclipse.jdt.core.manipulation,1.4.0.v20110928-1453,"org.eclipse.jdt.core.manipulation",1381856850047
started,bundle,org.eclipse.jdt.launching,3.6.1.v20111006_r372,"org.eclipse.jdt.launching",1381856850079
started,bundle,org.eclipse.jdt.ui,3.7.2.v20120109-1427,"org.eclipse.jdt.ui",1381856850083
started,bundle,org.eclipse.jface,3.7.0.v20110928-1505,"org.eclipse.jface",1381856850084
started,bundle,org.eclipse.jgit,1.3.0.201202151440-r,"org.eclipse.jgit",1381856850084
started,bundle,org.eclipse.jsch.core,1.1.300.I20110514-0800,"org.eclipse.jsch.core",1381856850084
started,bundle,org.eclipse.ltk.core.refactoring,3.5.201.r372_v20111101-0700,"org.eclipse.ltk.core.refactoring",1381856850134
started,bundle,org.eclipse.ltk.ui.refactoring,3.6.0.v20110928-1453,"org.eclipse.ltk.ui.refactoring",1381856850148
started,bundle,org.eclipse.m2e.logback.configuration,1.0.200.20111228-1245,"org.eclipse.m2e.logback.configuration",1381856850149
started,bundle,org.eclipse.search,3.7.0.v20110928-1504,"org.eclipse.search",1381856850162
started,bundle,org.eclipse.team.core,3.6.0.I20110525-0800,"org.eclipse.team.core",1381856850162
started,bundle,org.eclipse.team.ui,3.6.101.R37x_v20111109-0800,"org.eclipse.team.ui",1381856850200
started,bundle,org.eclipse.ui,3.7.0.v20110928-1505,"org.eclipse.ui",1381856850202
started,bundle,org.eclipse.ui.console,3.5.100.v20111007_r372,"org.eclipse.ui.console",1381856850202
started,bundle,org.eclipse.ui.editors,3.7.0.v20110928-1504,"org.eclipse.ui.editors",1381856850202
started,bundle,org.eclipse.ui.forms,3.5.101.v20111011-1919,"org.eclipse.ui.forms",1381856850238
started,bundle,org.eclipse.ui.ide,3.7.0.v20110928-1505,"org.eclipse.ui.ide",1381856850259
started,bundle,org.eclipse.ui.net,1.2.100.v20111208-1155,"org.eclipse.ui.net",1381856850260
started,bundle,org.eclipse.ui.views,3.6.0.v20110928-1505,"org.eclipse.ui.views",1381856850260
started,bundle,org.eclipse.ui.views.log,1.0.200.v20110404,"org.eclipse.ui.views.log",1381856850274
started,bundle,org.eclipse.ui.workbench,3.7.1.v20120104-1859,"org.eclipse.ui.workbench",1381856850275
started,bundle,org.eclipse.ui.workbench.texteditor,3.7.0.v20110928-1504,"org.eclipse.ui.workbench.texteditor",1381856850299
started,bundle,org.eclipse.update.configurator,3.3.100.v20100512,"org.eclipse.update.configurator",1381856850300
started,bundle,org.eclipse.update.core,3.2.500.v20110330,"org.eclipse.update.core",1381856850300
started,bundle,org.eclipse.update.scheduler,3.2.300.v20100512,"org.eclipse.update.scheduler",1381856850301
started,bundle,org.eclipse.wb.discovery.core,1.3.0.r37x201202052340,"org.eclipse.wb.discovery.core",1381856850301
started,bundle,org.eclipse.wst.common.project.facet.core,1.4.201.v201201101553,"org.eclipse.wst.common.project.facet.core",1381856850313
started,bundle,org.eclipse.wst.common.uriresolver,1.1.401.v201004280700,"org.eclipse.wst.common.uriresolver",1381856850313
started,bundle,org.eclipse.wst.dtd.ui,1.0.600.v201103171359,"org.eclipse.wst.dtd.ui",1381856850331
started,bundle,org.eclipse.wst.sse.core,1.1.602.v201112071516,"org.eclipse.wst.sse.core",1381856850331
started,bundle,org.eclipse.wst.sse.ui,1.3.2.v201201041522,"org.eclipse.wst.sse.ui",1381856850374
started,bundle,org.eclipse.wst.validation,1.2.303.v201202090300,"org.eclipse.wst.validation",1381856850374
started,bundle,org.eclipse.wst.xml.core,1.1.602.v201201091944,"org.eclipse.wst.xml.core",1381856850407
started,bundle,org.eclipse.wst.xml.ui,1.1.202.v201112071516,"org.eclipse.wst.xml.ui",1381856850459
started,bundle,org.eclipse.cdt.dsf,2.2.0.201202111925,"org.eclipse.cdt.dsf",1381856850460
started,bundle,org.eclipse.cdt.dsf.gdb,4.0.2.201202111925,"org.eclipse.cdt.dsf.gdb",1381856850460
started,bundle,org.eclipse.cdt.dsf.gdb.ui,2.2.1.201202111925,"org.eclipse.cdt.dsf.gdb.ui",1381856850461
started,bundle,org.eclipse.pde.launching,3.6.0.v20110506,"org.eclipse.pde.launching",1381856850461
started,bundle,org.eclipse.pde.ui,3.6.100.v20120103_r372,"org.eclipse.pde.ui",1381856850525
started,bundle,org.eclipse.mylyn.bugzilla.core,3.7.1.v20120425-0100,"org.eclipse.mylyn.bugzilla.core",1381856850525
started,bundle,org.eclipse.mylyn.bugzilla.ui,3.7.1.v20120425-0100,"org.eclipse.mylyn.bugzilla.ui",1381856850526
started,bundle,org.eclipse.mylyn.commons.core,3.7.1.v20120425-0100,"org.eclipse.mylyn.commons.core",1381856850527
started,bundle,org.eclipse.mylyn.commons.net,3.7.1.v20120425-0100,"org.eclipse.mylyn.commons.net",1381856850527
started,bundle,org.eclipse.mylyn.commons.notifications.core,0.9.1.v20120425-0100,"org.eclipse.mylyn.commons.notifications.core",1381856850527
started,bundle,org.eclipse.mylyn.commons.notifications.feed,0.9.1.v20120425-0100,"org.eclipse.mylyn.commons.notifications.feed",1381856850527
started,bundle,org.eclipse.mylyn.commons.notifications.ui,0.9.1.v20120425-0100,"org.eclipse.mylyn.commons.notifications.ui",1381856850528
started,bundle,org.eclipse.mylyn.commons.ui,3.7.1.v20120425-0100,"org.eclipse.mylyn.commons.ui",1381856850529
started,bundle,org.eclipse.mylyn.commons.workbench,3.7.1.v20120425-0100,"org.eclipse.mylyn.commons.workbench",1381856850529
started,bundle,org.eclipse.mylyn.context.core,3.7.1.v20120425-0100,"org.eclipse.mylyn.context.core",1381856850530
started,bundle,org.eclipse.mylyn.context.tasks.ui,3.7.1.v20120425-0100,"org.eclipse.mylyn.context.tasks.ui",1381856850530
started,bundle,org.eclipse.mylyn.monitor.ui,3.7.1.v20120425-0100,"org.eclipse.mylyn.monitor.ui",1381856850531
started,bundle,org.eclipse.mylyn.tasks.index.core,3.7.1.v20120425-0100,"org.eclipse.mylyn.tasks.index.core",1381856850531
started,bundle,org.eclipse.mylyn.tasks.ui,3.7.1.v20120425-0100,"org.eclipse.mylyn.tasks.ui",1381856850532
started,bundle,org.tigris.subversion.clientadapter,1.6.12,"org.tigris.subversion.clientadapter",1381856850533
started,bundle,org.tigris.subversion.subclipse.core,1.6.18,"org.tigris.subversion.subclipse.core",1381856850533
started,bundle,org.tigris.subversion.subclipse.mylyn,3.0.0,"org.tigris.subversion.subclipse.mylyn",1381856850534
started,bundle,org.eclipse.jst.common.project.facet.core,1.4.200.v201103170302,"org.eclipse.jst.common.project.facet.core",1381856850576
started,bundle,org.eclipse.jst.ws.jaxrs.core,1.0.301.v201108240656,"org.eclipse.jst.ws.jaxrs.core",1381856850577
started,bundle,com.python.pydev.analysis,2.6.0.2012062818,"com.python.pydev.analysis",1381856850599
started,bundle,org.python.pydev,2.6.0.2012062818,"org.python.pydev",1381856850660
started,bundle,org.python.pydev.core,2.6.0.2012062818,"org.python.pydev.core",1381856851000
started,bundle,org.python.pydev.debug,2.6.0.2012062818,"org.python.pydev.debug",1381856851039
started,bundle,com.android.ide.eclipse.adt,22.0.5.v201307292155--757759,"com.android.ide.eclipse.adt",1381856851039
started,bundle,com.android.ide.eclipse.base,22.0.5.v201307292155--757759,"com.android.ide.eclipse.base",1381856851040
os,sysinfo,,,"linux",1381856851044
arch,sysinfo,,,"x86_64",1381856851044
ws,sysinfo,,,"gtk",1381856851044
locale,sysinfo,,,"en_US",1381856851044
processors,sysinfo,,,"2",1381856851044
java.runtime.name,sysinfo,,,"OpenJDK Runtime Environment",1381856851044
java.runtime.version,sysinfo,,,"1.6.0_27-b27",1381856851044
java.specification.name,sysinfo,,,"Java Platform API Specification",1381856851044
java.specification.vendor,sysinfo,,,"Sun Microsystems Inc.",1381856851044
java.specification.version,sysinfo,,,"1.6",1381856851044
java.vendor,sysinfo,,,"Sun Microsystems Inc.",1381856851044
java.version,sysinfo,,,"1.6.0_27",1381856851044
java.vm.info,sysinfo,,,"mixed mode",1381856851044
java.vm.name,sysinfo,,,"OpenJDK 64-Bit Server VM",1381856851044
java.vm.specification.name,sysinfo,,,"Java Virtual Machine Specification",1381856851044
java.vm.specification.vendor,sysinfo,,,"Sun Microsystems Inc.",1381856851044
java.vm.specification.version,sysinfo,,,"1.0",1381856851044
java.vm.vendor,sysinfo,,,"Sun Microsystems Inc.",1381856851044
java.vm.version,sysinfo,,,"20.0-b12",1381856851044
started,bundle,org.eclipse.m2e.usagedata,1.0.200.20111228-1245,"org.eclipse.m2e.usagedata",1381856851059
started,bundle,org.eclipse.wb.discovery.ui,1.3.0.r37x201202052340,"org.eclipse.wb.discovery.ui",1381856851268
started,bundle,org.eclipse.cdt.codan.ui.cxx,2.0.0.201202111925,"org.eclipse.cdt.codan.ui.cxx",1381856851322
started,bundle,org.eclipse.mylyn.team.ui,3.7.1.v20120425-0100,"org.eclipse.mylyn.team.ui",1381856851431
started,bundle,org.tigris.subversion.subclipse.tools.usage,1.0.1,"org.tigris.subversion.subclipse.tools.usage",1381856851501
started,bundle,org.eclipse.wst.web,1.1.501.v201201190400,"org.eclipse.wst.web",1381856851645
started,bundle,org.eclipse.team.cvs.core,3.3.400.I20110510-0800,"org.eclipse.team.cvs.core",1381856851845
started,bundle,org.eclipse.team.cvs.ui,3.3.401.v20120126-1227,"org.eclipse.team.cvs.ui",1381856852053
started,bundle,org.eclipse.cdt.make.core,7.1.2.201202111925,"org.eclipse.cdt.make.core",1381856852071
started,bundle,org.eclipse.cdt.managedbuilder.core,8.0.2.201202111925,"org.eclipse.cdt.managedbuilder.core",1381856852231
started,bundle,org.eclipse.cdt.core,5.3.2.201202111925,"org.eclipse.cdt.core",1381856852332
started,bundle,org.eclipse.ui.navigator,3.5.101.v20120106-1355,"org.eclipse.ui.navigator",1381856852485
started,bundle,org.eclipse.cdt.ui,5.3.2.201202111925,"org.eclipse.cdt.ui",1381856852714
started,bundle,org.eclipse.cdt.make.ui,7.1.2.201202111925,"org.eclipse.cdt.make.ui",1381856852715
started,bundle,org.eclipse.cdt.codan.core.cxx,1.0.0.201202111925,"org.eclipse.cdt.codan.core.cxx",1381856852716
started,bundle,org.eclipse.cdt.codan.core,2.0.0.201202111925,"org.eclipse.cdt.codan.core",1381856852730
started,bundle,org.eclipse.cdt.codan.checkers,1.0.1.201202111925,"org.eclipse.cdt.codan.checkers",1381856852761
started,bundle,org.eclipse.cdt.debug.core,7.1.0.201202111925,"org.eclipse.cdt.debug.core",1381856853197
started,bundle,org.eclipse.cdt.debug.ui,7.1.2.201202111925,"org.eclipse.cdt.debug.ui",1381856853215
started,bundle,com.collabnet.subversion.merge,2.2.4,"com.collabnet.subversion.merge",1381856853296
started,bundle,org.eclipse.compare,3.5.202.R37x_v20111109-0800,"org.eclipse.compare",1381856853427
started,bundle,org.tigris.subversion.subclipse.ui,1.6.18,"org.tigris.subversion.subclipse.ui",1381856853603
started,bundle,org.eclipse.wst.server.core,1.1.304.v20120208_1420,"org.eclipse.wst.server.core",1381856853696
started,bundle,org.eclipse.wst.server.ui,1.3.0.v20120210_1439,"org.eclipse.wst.server.ui",1381856853722
activated,view,org.eclipse.jdt.ui,3.7.2.v20120109-1427,"org.eclipse.jdt.ui.PackageExplorer",1381856860621
started,bundle,org.eclipse.wst.common.frameworks.ui,1.2.100.v201105122000,"org.eclipse.wst.common.frameworks.ui",1381856864203
started,bundle,org.eclipse.wst.common.core,1.2.0.v200908252030,"org.eclipse.wst.common.core",1381856864215
deactivated,workbench,org.eclipse.ui.workbench,3.7.1.v20120104-1859,"",1381856871859
started,bundle,org.eclipse.jdt.apt.core,3.3.500.v20110420-1015,"org.eclipse.jdt.apt.core",1381856874843
started,bundle,org.eclipse.jdt.apt.pluggable.core,1.0.400.v20110305-1450,"org.eclipse.jdt.apt.pluggable.core",1381856874905
started,bundle,org.eclipse.wb.core.lib,1.3.0.r37x201202052311,"org.eclipse.wb.core.lib",1381856876035
started,bundle,org.eclipse.wb.core,1.3.0.r37x201202052311,"org.eclipse.wb.core",1381856876156
started,bundle,org.eclipse.wst.common.frameworks,1.2.102.v201201190400,"org.eclipse.wst.common.frameworks",1381856876766
started,bundle,org.eclipse.emf.ecore,2.7.0.v20120127-1122,"org.eclipse.emf.ecore",1381856876860
started,bundle,org.eclipse.wst.common.emf,1.2.100.v201101101900,"org.eclipse.wst.common.emf",1381856876880
started,bundle,org.eclipse.jem.util,2.1.100.v201103021400,"org.eclipse.jem.util",1381856876909
started,bundle,org.eclipse.emf.ecore.xmi,2.7.0.v20120127-1122,"org.eclipse.emf.ecore.xmi",1381856876924
started,bundle,org.eclipse.wst.common.emfworkbench.integration,1.2.101.v201107140600,"org.eclipse.wst.common.emfworkbench.integration",1381856876926
started,bundle,org.eclipse.wst.common.modulecore,1.2.103.v201201190400,"org.eclipse.wst.common.modulecore",1381856876980
started,bundle,com.soyatec.diagrams,3.7.1.20110624,"com.soyatec.diagrams",1381856881785
started,bundle,org.eclipse.uml2.uml,3.2.100.v201108110105,"org.eclipse.uml2.uml",1381856881978
started,bundle,com.soyatec.core,3.7.1.20110624,"com.soyatec.core",1381856887614
started,bundle,org.eclipse.draw2d,3.7.2.v20111017-2020,"org.eclipse.draw2d",1381856887974
started,bundle,org.eclipse.pde.core,3.7.1.v20120103_r372,"org.eclipse.pde.core",1381856888219
executed,command,org.eclipse.ui,3.7.0.v20110928-1505,"org.eclipse.ui.newWizard",1381856970150
activated,workbench,org.eclipse.ui.workbench,3.7.1.v20120104-1859,"",1381856970178
activated,editor,com.android.ide.eclipse.adt,22.0.5.v201307292155--757759,"com.android.ide.eclipse.editors.CommonXmlEditor",1381856977386
activated,view,org.eclipse.jdt.ui,3.7.2.v20120109-1427,"org.eclipse.jdt.ui.PackageExplorer",1381856984776
executed,command,org.eclipse.ui,3.7.0.v20110928-1505,"org.eclipse.ui.file.refresh",1381856987861
started,bundle,org.eclipse.jdt.junit.core,3.7.0.v20110928-1453,"org.eclipse.jdt.junit.core",1381856996446
deactivated,workbench,org.eclipse.ui.workbench,3.7.1.v20120104-1859,"",1381857001423
started,bundle,org.eclipse.gef,3.7.2.v20111106-2020,"org.eclipse.gef",1381857029409
started,bundle,org.eclipse.emf.edit,2.7.2.v20120130-0943,"org.eclipse.emf.edit",1381857029466
started,bundle,org.eclipse.emf.ecore.edit,2.7.1.v20120130-0943,"org.eclipse.emf.ecore.edit",1381857029467
started,bundle,org.eclipse.emf.common.ui,2.7.0.v20120130-0943,"org.eclipse.emf.common.ui",1381857029921
started,bundle,org.eclipse.emf.edit.ui,2.7.0.v20120130-0943,"org.eclipse.emf.edit.ui",1381857029923
started,bundle,org.eclipse.uml2.uml.edit,3.1.100.v201009281840,"org.eclipse.uml2.uml.edit",1381857029974
started,bundle,org.eclipse.uml2.common.edit,1.5.0.v201005031530,"org.eclipse.uml2.common.edit",1381857030699
started,bundle,com.soyatec.additional,3.7.1.20110624,"com.soyatec.additional",1381857030861
started,bundle,org.eclipse.emf.ecore.change,2.7.1.v20120127-1122,"org.eclipse.emf.ecore.change",1381857030943
started,bundle,org.eclipse.uml2.common,1.6.0.v201105021727,"org.eclipse.uml2.common",1381857030957
started,bundle,com.soyatec.model,3.7.1.20110624,"com.soyatec.model",1381857053406
opened,editor,com.soyatec.euml2.free,,"com.soyatec.uml.ClassDiagramEditor",1381857053454
activated,editor,com.soyatec.euml2.free,,"com.soyatec.uml.ClassDiagramEditor",1381857053782
executed,command,org.eclipse.ui,3.7.0.v20110928-1505,"org.eclipse.ui.newWizard",1381857054023
activated,workbench,org.eclipse.ui.workbench,3.7.1.v20120104-1859,"",1381857054060
deactivated,workbench,org.eclipse.ui.workbench,3.7.1.v20120104-1859,"",1381857054186
opened,editor,org.eclipse.jdt.ui,3.7.2.v20120109-1427,"org.eclipse.jdt.ui.CompilationUnitEditor",1381857063616
activated,workbench,org.eclipse.ui.workbench,3.7.1.v20120104-1859,"",1381857063912
opened,editor,com.android.ide.eclipse.adt,22.0.5.v201307292155--757759,"com.android.ide.eclipse.editors.CommonXmlEditor",1381857064121
started,bundle,org.eclipse.core.variables,3.2.500.v20110928-1503,"org.eclipse.core.variables",1381857064192
opened,editor,com.android.ide.eclipse.adt,22.0.5.v201307292155--757759,"com.android.ide.eclipse.editors.CommonXmlEditor",1381857064949
activated,view,org.eclipse.jdt.ui,3.7.2.v20120109-1427,"org.eclipse.jdt.ui.PackageExplorer",1381857078621
